customer_id,name,email,country,signup_date
0,Adam Lynch,coopertina@example.net,Christmas Island,2025-12-14
1,Joyce Mason,stewartrhonda@example.net,Northern Mariana Islands,2023-04-04
2,Jimmy Browning,lorrainemeyer@example.net,Kenya,2025-10-01
3,David Myers,sharon28@example.com,Iceland,2024-12-15
4,Mr. Kurt Swanson,brownjulie@example.net,Bouvet Island (Bouvetoya),2023-04-22
5,William Butler,owilson@example.com,Niger,2024-04-08
6,Brian Harris,ogordon@example.com,Brazil,2025-12-28
7,Justin Gutierrez,ahines@example.org,Denmark,2024-06-04
8,Alexandra Meyers,gdalton@example.org,Mongolia,2026-03-05
9,Lisa White,ohill@example.org,Ukraine,2023-12-12
10,Sean Smith,hhart@example.com,Azerbaijan,2025-11-28
11,Monica Sharp,zscott@example.org,Cameroon,2025-04-10
12,Laurie Roth,zmoore@example.com,Solomon Islands,2024-01-29
13,Jessica Patel,qwilson@example.org,Tanzania,2025-01-16
14,Samuel Rodriguez,ndavis@example.net,Saint Kitts and Nevis,2024-01-11
15,Brittany Dennis,andrewterry@example.net,Serbia,2024-03-10
16,Stephanie Rodriguez,lawrencepaula@example.net,Sri Lanka,2023-08-08
17,Corey Woods,riveramelissa@example.org,Chile,2026-02-28
18,Mrs. Ashley Burke DDS,loridavis@example.net,Jordan,2024-10-18
19,Kim Myers,sanchezmonica@example.com,Palau,2025-05-18
20,Eric Smith,travis56@example.net,Chad,2024-02-21
21,Kenneth Norman,khumphrey@example.com,Saint Helena,2025-07-29
22,Carrie Cruz,amber63@example.net,Greenland,2025-08-28
23,Ryan Barker,matthew38@example.com,Qatar,2025-10-24
24,Monique Gomez,kimberlyfriedman@example.com,Italy,2024-02-13
25,Bryan Thompson,david38@example.net,Guinea,2026-01-29
26,Paul Johnson,michaelwelch@example.org,Cambodia,2025-10-20
27,Brandon Osborne,kelseyandrade@example.com,Andorra,2023-05-13
28,Antonio Black,joshua96@example.org,Guadeloupe,2024-02-08
29,Cynthia Briggs,lmiles@example.org,Reunion,2024-06-07
30,Anthony Rice,zhardin@example.com,Mexico,2025-03-02
31,Shannon Werner,lawsonsharon@example.net,Mongolia,2025-06-10
32,Amanda Ortega,angela56@example.org,Botswana,2023-08-31
33,Robert Russell,austinanthony@example.org,United States of America,2024-04-23
34,Dr. Richard Huber PhD,glin@example.net,Lao People's Democratic Republic,2025-07-06
35,Gregory Garcia,christianmurray@example.com,China,2024-11-14
36,Krista Morrow,diane61@example.net,Georgia,2025-07-09
37,Michael Blair,ian45@example.com,Bolivia,2023-10-16
38,Amanda Jones,fordwilliam@example.net,British Indian Ocean Territory (Chagos Archipelago),2024-10-04
39,Julia Weaver,scottmartin@example.net,Brazil,2026-01-15
40,Sean Thompson,kenneth24@example.net,Turkey,2024-08-23
41,Stephanie Lane,rodriguezelizabeth@example.com,United States of America,2023-11-16
42,Jerome Swanson,amy43@example.net,Italy,2025-10-06
43,Jenny Spears,simsernest@example.com,Norway,2024-12-11
44,Jessica Hopkins,jodiberry@example.com,Netherlands Antilles,2024-01-19
45,Robert Smith,powen@example.com,Panama,2025-07-22
46,Kevin Wilkins,lwarren@example.net,Falkland Islands (Malvinas),2024-11-27
47,Ronald Cherry,melvinmiller@example.org,Uganda,2025-12-28
48,Mr. Jason Simmons,debrabrown@example.com,Falkland Islands (Malvinas),2024-01-18
49,Ashley Fischer,jeffreynash@example.com,Western Sahara,2024-04-23
50,Daniel Mayer,millerjohn@example.net,Mauritania,2023-05-19
51,Glenn Adams,pdavis@example.com,Uganda,2023-07-27
52,Michele Guerrero,qmorgan@example.org,Sao Tome and Principe,2024-02-14
53,Elizabeth Ramos,thompsonwilliam@example.net,Gambia,2025-10-28
54,Gregory Sanders,cherylwallace@example.org,Qatar,2024-12-24
55,Robin Conway,vfry@example.com,Norfolk Island,2024-01-01
56,Sandra Tucker,gary83@example.net,Palestinian Territory,2023-04-22
57,Taylor Carlson,cisnerosdavid@example.com,Romania,2025-09-07
58,Thomas Taylor,jose13@example.net,Western Sahara,2025-05-17
59,Brian Clark,michellejohnson@example.org,Burkina Faso,2025-01-25
60,Jeremy Jimenez,alexander58@example.org,Mozambique,2023-07-01
61,Laura Jimenez,ianbarrett@example.org,Eritrea,2024-05-07
62,Mary Jones,traviscontreras@example.com,Grenada,2023-04-20
63,Michael Duncan,rodriguezjamie@example.net,Brunei Darussalam,2026-03-14
64,Nicholas Kennedy,wendy83@example.net,Palau,2023-05-01
65,Jessica Schmidt,garrett87@example.org,Djibouti,2026-03-04
66,Sandra Miller,scott91@example.org,Netherlands,2026-03-07
67,Justin Livingston,danieljohnson@example.net,France,2025-02-13
68,John Reilly,jordan78@example.net,San Marino,2025-11-02
69,Chloe Monroe,smithkatherine@example.org,Cayman Islands,2026-03-24
70,Nicole Jackson,debra91@example.com,Congo,2025-08-04
71,Michael Owen,curtisapril@example.com,Ghana,2025-10-08
72,Barbara Rogers,oavery@example.org,Guatemala,2023-05-15
73,David Sharp,virginiamedina@example.com,Serbia,2025-06-17
74,Brendan Le,lisa73@example.org,Madagascar,2024-05-16
75,Lori Griffin,alexis47@example.com,Comoros,2025-03-19
76,Steven Jordan,dunnheather@example.com,Bouvet Island (Bouvetoya),2025-02-03
77,Jessica Russell,andrew69@example.com,Martinique,2025-03-22
78,Bianca Johnson,olivia14@example.net,Holy See (Vatican City State),2023-08-26
79,Eric Davis,michellelivingston@example.org,India,2026-01-03
80,Ashley Ortiz,laura65@example.net,British Virgin Islands,2023-07-04
81,Wanda Hughes,ygriffin@example.org,Bosnia and Herzegovina,2024-11-23
82,Juan Lambert,michelledavis@example.org,Maldives,2023-04-19
83,Corey Wu,mooremichelle@example.org,Fiji,2025-04-11
84,Deanna Anderson,cynthia69@example.net,Afghanistan,2024-09-16
85,Natalie Jackson,kylereynolds@example.org,Iran,2025-11-02
86,Alexander Price,kristensingh@example.net,South Georgia and the South Sandwich Islands,2023-10-09
87,Richard Allen,haileyjames@example.net,Canada,2025-02-25
88,Jonathan Howard PhD,frankjoshua@example.com,Jordan,2025-08-01
89,Tiffany Price,tonyrogers@example.net,Nicaragua,2025-05-18
90,Elizabeth Perez,anna67@example.com,Moldova,2024-09-21
91,Elizabeth Sanchez,robert79@example.org,Zambia,2025-05-08
92,Thomas Harding,stevenwilliams@example.org,Bahrain,2025-10-11
93,Tiffany Anderson,maryrodriguez@example.net,British Indian Ocean Territory (Chagos Archipelago),2024-08-04
94,Chase Rodriguez,obrienjeffrey@example.net,El Salvador,2023-05-17
95,Jose Green,timothyacosta@example.org,Zimbabwe,2023-10-19
96,Mr. Ryan Peterson MD,dannyespinoza@example.com,Taiwan,2024-01-21
97,Joan Henson,sabrina31@example.net,Italy,2024-09-23
98,Stephen Burgess,bradleyjohnson@example.com,Maldives,2024-04-19
99,Holly Harper,lsmith@example.net,Yemen,2024-03-03
100,John Young,jasonhernandez@example.net,Pitcairn Islands,2025-05-05
101,Jasmine Daniel,charlesrangel@example.org,Martinique,2025-03-10
102,Karen Mccoy,alyssa17@example.net,Costa Rica,2024-09-12
103,Katie Gutierrez,aaron98@example.org,Ghana,2025-11-06
104,Kyle Miller,poolemadison@example.net,Turks and Caicos Islands,2025-04-30
105,Nancy Romero,nicholas50@example.org,Taiwan,2025-09-05
106,Brenda Johnson,katelynhorn@example.net,Kazakhstan,2024-04-14
107,Elizabeth Gross,brownrick@example.org,Namibia,2023-04-21
108,Robert Stevens,hoffmanvanessa@example.com,Gambia,2025-06-17
109,Robin Cox,ksmith@example.net,Germany,2025-11-29
110,Kimberly Hernandez,longdavid@example.org,Senegal,2025-11-08
111,Julia Hunter,ibutler@example.org,Jordan,2023-05-21
112,James Bates DDS,andrewwilkinson@example.net,Faroe Islands,2025-02-06
113,Erica Crawford,tiffanyoneill@example.net,Bangladesh,2025-04-06
114,Raymond Baird,yanderson@example.org,Niue,2024-06-13
115,John Cross,pricejames@example.net,Bangladesh,2024-02-06
116,Judith Ford,benjaminjones@example.net,Bangladesh,2024-08-27
117,Chad Cuevas,westgloria@example.net,Vanuatu,2026-02-02
118,Patrick Lewis,sramsey@example.net,Panama,2023-07-01
119,Kimberly Smith,qwalters@example.net,Pitcairn Islands,2025-05-31
120,Dakota Ross,cynthia07@example.org,Papua New Guinea,2025-02-19
121,Christina Ware,derek75@example.net,Equatorial Guinea,2026-01-16
122,Matthew Perkins,amanda18@example.com,Azerbaijan,2025-02-20
123,Shelby Green,sextontravis@example.net,Faroe Islands,2023-05-17
124,Brianna Taylor,luis26@example.org,Guyana,2024-10-31
125,Sarah Thompson,vschneider@example.net,Maldives,2023-11-28
126,Natasha Chavez,barbara03@example.org,Svalbard & Jan Mayen Islands,2023-06-16
127,Eric Brown,mcintyrejamie@example.net,Myanmar,2024-06-18
128,Michael Schwartz,pperez@example.com,Mayotte,2024-05-15
129,Melissa Marshall,terrycaitlin@example.net,Cameroon,2023-10-10
130,Rebecca Ellis,llong@example.org,Tanzania,2025-09-09
131,Jennifer Cox,riverarobert@example.net,San Marino,2024-07-28
132,Rebecca Cuevas,joshua79@example.net,Uzbekistan,2024-04-07
133,Maria Johnson,davisricky@example.net,British Virgin Islands,2023-08-02
134,Rebecca Watkins,tparker@example.com,Tuvalu,2023-06-19
135,Karen Rodriguez,woodjulia@example.com,Zimbabwe,2023-06-23
136,Cory Cox,darellano@example.org,Vanuatu,2024-12-27
137,Joanne Foster,hernandezmichelle@example.org,Guernsey,2025-04-12
138,Thomas Gross,yrichardson@example.org,Pitcairn Islands,2025-05-20
139,Patricia Stevens,katelynrich@example.com,Japan,2023-10-06
140,Paul Mills,dwilliams@example.net,Saint Vincent and the Grenadines,2023-05-13
141,Nicole Kane,lisabrown@example.net,Pitcairn Islands,2023-04-04
142,Karl Roberts,williamle@example.org,Niger,2023-11-02
143,Dustin Jones,tbaker@example.net,Bouvet Island (Bouvetoya),2024-03-03
144,Joseph Hawkins,waterswilliam@example.com,San Marino,2025-05-02
145,Matthew Lee,wardjoseph@example.net,Mauritania,2024-04-26
146,Derrick Galvan,jorgezamora@example.org,Martinique,2023-04-20
147,Maria Thomas,troy17@example.com,Saudi Arabia,2025-06-21
148,Kristen Thomas,mark32@example.net,Chad,2023-11-16
149,Cynthia Martin,lkramer@example.org,Northern Mariana Islands,2023-04-16
150,Richard James,shirleyjohnson@example.com,Tokelau,2024-02-13
151,Tyler West,shannon13@example.net,Azerbaijan,2025-02-27
152,Michele Zavala,richardsonsara@example.org,Italy,2025-07-18
153,Nicole Price,tgonzalez@example.com,Chile,2025-12-26
154,Bryan Romero,james08@example.net,Liechtenstein,2024-03-14
155,Alyssa Martin,blevinsstephanie@example.com,Ukraine,2023-11-16
156,Stacy Pratt,zshaw@example.com,Tokelau,2024-12-02
157,Stacey Sexton,crussell@example.org,Chile,2024-09-15
158,Christopher Austin,pamela75@example.net,Colombia,2024-04-01
159,Christopher Adams MD,emily94@example.com,Benin,2025-08-23
160,Justin Munoz,gouldcarla@example.org,Netherlands Antilles,2025-09-21
161,Angela Wallace,angelajohnson@example.org,Cook Islands,2025-06-05
162,Jonathan Thomas,powerssamantha@example.net,Fiji,2025-03-21
163,Dr. Patricia Buchanan,ashleysmith@example.org,Saint Vincent and the Grenadines,2024-02-08
164,Jill Cook,zlarson@example.net,Singapore,2023-06-25
165,Patricia Garcia,elizabethcampbell@example.org,Taiwan,2025-09-02
166,Juan Garcia,kevin31@example.com,Dominica,2024-07-12
167,Craig Bartlett,gailwalker@example.com,Tunisia,2025-07-29
168,Tara Trevino,davidrodriguez@example.net,Jordan,2023-08-04
169,Carlos Welch,linda38@example.net,Libyan Arab Jamahiriya,2024-12-01
170,Andrea Ross,saraandrews@example.org,Tanzania,2025-11-12
171,Donna Lee,frymisty@example.net,Burkina Faso,2024-09-25
172,Erica Baker,rachel12@example.org,Mali,2024-10-12
173,Jason Miles MD,schultzkelly@example.com,Central African Republic,2026-03-11
174,Zachary Jackson,ukim@example.com,Pitcairn Islands,2025-05-26
175,Alexandria Davis,darin56@example.com,Ethiopia,2024-12-21
176,Joseph Roberts,ryanallen@example.org,Philippines,2023-12-29
177,Daniel Allen,ejohnson@example.net,Latvia,2025-10-29
178,Christina Wood MD,harrisdaniel@example.com,Greece,2023-11-21
179,Nicholas Lloyd,justindelgado@example.net,Antigua and Barbuda,2025-09-15
180,Austin Alvarez,shannonwilkerson@example.net,Armenia,2023-08-12
181,Michael Carlson,ethan57@example.net,Niue,2023-12-15
182,Daniel Kelly,ylee@example.net,Burkina Faso,2023-05-13
183,Maria Esparza,paul00@example.net,Serbia,2024-11-25
184,James Velazquez,rodriguezsandra@example.com,Cuba,2023-06-28
185,Matthew Huffman,jamescarroll@example.net,Saint Vincent and the Grenadines,2026-02-21
186,Rhonda Fleming,weissmargaret@example.net,Aruba,2026-01-22
187,David Davis,arnoldjennifer@example.com,Equatorial Guinea,2025-01-03
188,Gregory Sampson,erinwiley@example.com,Costa Rica,2025-01-28
189,Amanda Burton,lisahutchinson@example.net,Tajikistan,2026-03-20
190,David Johnson,taylordonald@example.net,Heard Island and McDonald Islands,2024-11-30
191,Maria Moreno,jimmy02@example.com,Honduras,2025-02-24
192,James Jenkins,penny54@example.org,Bhutan,2024-10-12
193,Susan Delacruz,oliverashley@example.net,Vietnam,2024-05-19
194,Luis Atkinson,dwalker@example.org,Serbia,2024-11-17
195,Kim Perry,daniel41@example.net,Korea,2024-04-29
196,Denise Monroe,eric54@example.org,Peru,2026-03-20
197,James Smith,qmartinez@example.com,Tunisia,2025-08-18
198,Brianna House,hollanddominique@example.org,Romania,2026-03-18
199,Shannon Gates,mathischad@example.org,Lebanon,2024-01-11
200,Kenneth Gaines,ramirezjames@example.net,San Marino,2023-06-02
201,Michelle Nash,kaylaschmidt@example.net,Czech Republic,2025-09-04
202,Robert Allen,debra43@example.org,Norway,2024-12-16
203,Rachel Brown,nicholasmendoza@example.com,Cape Verde,2023-12-03
204,Philip Price,kevinhernandez@example.org,Bermuda,2025-08-28
205,Roy Matthews,grantjuan@example.com,Norway,2025-07-06
206,Anthony Khan,jessica14@example.org,Ireland,2025-05-24
207,Albert Hess,kiaralawson@example.org,Namibia,2026-01-16
208,Carmen Peters,ydawson@example.net,Mayotte,2025-10-04
209,Lisa Gonzalez,lopezjonathan@example.com,Puerto Rico,2025-09-21
210,Roy Lloyd,njohnson@example.org,Moldova,2023-04-03
211,Joshua Thomas,annaadams@example.org,Bahamas,2025-08-28
212,Jennifer Harvey,uking@example.org,Denmark,2023-06-23
213,Charles Jenkins,jeremy78@example.org,El Salvador,2023-07-09
214,Lori Bartlett,haley30@example.net,Ethiopia,2024-01-01
215,Randy Jackson,heatherford@example.net,Iraq,2023-06-29
216,Christian Davis,john10@example.net,Turkmenistan,2024-10-05
217,Sarah Riley,ann89@example.org,Netherlands Antilles,2024-06-04
218,John Clay,jeremy38@example.org,Angola,2023-12-19
219,Melissa Chung,qgoodwin@example.com,Algeria,2024-04-19
220,Amanda Mullins,john96@example.net,Guadeloupe,2026-01-24
221,Christopher Calderon,rachael64@example.com,Swaziland,2024-03-20
222,Carolyn Lee,kimberlyleonard@example.net,Uruguay,2023-08-12
223,Danielle Romero,rebecca26@example.org,Iran,2026-02-10
224,Kaylee Perry,petermoore@example.org,Saint Helena,2023-11-22
225,Jennifer Williams,wramirez@example.com,United States of America,2024-09-12
226,James Carr,sbradford@example.org,Hungary,2024-12-29
227,Louis Holloway,jamesmcguire@example.org,Brunei Darussalam,2025-06-24
228,John Jones,ejohnson@example.org,Liechtenstein,2023-12-30
229,Dawn Chang,gberry@example.org,Saint Barthelemy,2024-01-22
230,Anita King,moraleslaura@example.net,Saint Lucia,2024-02-23
231,Mark Garcia,wrobertson@example.com,Pakistan,2025-03-07
232,Kimberly Rivera,vrussell@example.org,Vanuatu,2025-08-31
233,Logan Shaw,smithjared@example.com,Mozambique,2025-09-03
234,Kathryn Jackson,larnold@example.org,Eritrea,2025-01-08
235,Robert Ritter,bwilson@example.com,Libyan Arab Jamahiriya,2025-11-22
236,Adam Miller,clementsdaniel@example.org,Afghanistan,2025-02-17
237,Mark Swanson DVM,jonathanwhite@example.com,Mozambique,2024-09-17
238,Ashley Smith,kimdavid@example.net,South Georgia and the South Sandwich Islands,2025-12-03
239,Joshua Zuniga,hernandezmargaret@example.net,Belgium,2025-03-02
240,Valerie Richardson,melissamullins@example.net,Czech Republic,2024-06-08
241,Jonathan Taylor,laurarowe@example.com,Germany,2025-12-05
242,David Hall,georgefaulkner@example.com,Martinique,2025-11-19
243,Ms. Connie Cole MD,codyramirez@example.com,Jersey,2023-06-20
244,James Ruiz,courtney73@example.org,Greenland,2024-11-14
245,Elizabeth Nelson,chadwillis@example.org,South Africa,2025-12-08
246,Vanessa Stevenson,ustevens@example.com,Western Sahara,2024-11-21
247,Kevin Anderson,devinmcbride@example.net,Congo,2024-12-12
248,Michael Duncan,kromero@example.com,Senegal,2025-02-15
249,Mason Mitchell,ljones@example.net,Kiribati,2023-07-23
250,Bryan Rodriguez,sheppardjose@example.net,Gabon,2023-11-17
251,Dean Cruz,melissa82@example.com,Bangladesh,2025-06-02
252,Michael Peterson,pconner@example.com,Guyana,2025-08-30
253,Shaun Lowery,elizabeth22@example.org,Cape Verde,2025-08-19
254,John Santos,rosemorales@example.com,Costa Rica,2025-08-11
255,Howard Fields,annaharvey@example.org,Central African Republic,2023-05-22
256,Dana Henderson,michaelhouse@example.org,Palau,2024-08-22
257,Keith Reed,bburnett@example.com,Holy See (Vatican City State),2025-08-04
258,Dalton Phillips,kimberlyortega@example.com,Kyrgyz Republic,2025-05-31
259,Chelsea Nolan,thomasmark@example.com,Iceland,2023-07-21
260,Kevin Wiggins,david79@example.com,Morocco,2025-01-18
261,Isabel Weiss,johnjacobs@example.org,France,2023-05-14
262,Troy Austin,colemanmatthew@example.com,Gibraltar,2023-06-03
263,Miguel Coffey,brittanydoyle@example.com,Swaziland,2025-07-19
264,Gregory Washington,wheelercynthia@example.com,Cyprus,2024-01-09
265,Elizabeth Ramirez,crystal63@example.net,Liberia,2025-07-08
266,Gerald Jones,thompsonheather@example.org,Montserrat,2025-03-02
267,Sara King,omartinez@example.com,Martinique,2025-01-04
268,David Hale,chenjacqueline@example.net,Qatar,2025-05-19
269,Aimee Guerra,elizabethjohnson@example.com,Tuvalu,2023-10-21
270,Jillian Singh,qlowe@example.org,Ecuador,2023-10-18
271,Brad Harris,amber56@example.com,Fiji,2024-01-05
272,Michael Howard,kathleen66@example.net,Belize,2024-10-12
273,Debra Preston,julie21@example.com,Iraq,2026-02-21
274,Shawn Caldwell,royhahn@example.net,Sudan,2023-11-06
275,James Gomez,fthomas@example.com,Hungary,2023-08-29
276,Nicholas Beck,kendramoore@example.com,Dominican Republic,2023-07-30
277,Amanda Roberts,perkinseric@example.net,Mexico,2023-04-13
278,Andrew Trujillo,smithmichael@example.org,Philippines,2024-04-14
279,Robert Shaw,valerie14@example.net,Ethiopia,2024-05-09
280,Andrew George,matthewgray@example.com,Guinea,2024-11-18
281,Courtney Norman,petersdebbie@example.com,French Polynesia,2024-03-16
282,Joseph Dunlap,hgriffin@example.net,Pitcairn Islands,2025-04-09
283,Lauren Foster,sanchezjohn@example.org,Mexico,2025-08-09
284,Louis Roberson,creese@example.com,Swaziland,2023-05-05
285,Stacy Turner,aruiz@example.org,Niger,2023-09-07
286,Amber Holmes,lowedavid@example.com,Tunisia,2023-11-10
287,Tina Flores,danielholt@example.com,Cyprus,2023-06-27
288,Thomas Salinas,nicole48@example.org,New Caledonia,2026-03-10
289,Erin Murphy,tuckertiffany@example.net,Colombia,2023-09-15
290,Paul Zuniga,lgriffin@example.net,Saint Kitts and Nevis,2023-04-20
291,Lisa Martinez,tiffanypierce@example.net,Guatemala,2025-12-28
292,Jonathan Reed,brianolson@example.org,Iceland,2025-12-10
293,Mark Montgomery,samantha07@example.net,El Salvador,2024-01-06
294,Christina May,gfrank@example.net,Saint Pierre and Miquelon,2025-06-08
295,Patricia Cortez,skinnerdustin@example.net,Cocos (Keeling) Islands,2025-06-26
296,Meghan Bailey,thomas35@example.org,Montserrat,2024-09-26
297,James Collins,taylorsean@example.org,Nepal,2024-05-11
298,Gary Miller,beckershane@example.net,France,2026-03-23
299,Kimberly Martinez,ydavis@example.net,Norfolk Island,2023-09-29
300,Luis Williams,psmith@example.com,Bahrain,2025-03-14
301,Jeremy Lopez,whitneysarah@example.org,Serbia,2023-06-18
302,Michelle Ramos,sandersmelinda@example.net,Botswana,2025-12-24
303,Paul Nichols,yclarke@example.net,Niue,2024-12-08
304,Jackie Grant,brian59@example.org,Colombia,2025-02-21
305,Tracey Hernandez,deanna07@example.org,Lao People's Democratic Republic,2025-11-29
306,Paul Wells,millerrebecca@example.com,Vanuatu,2024-01-29
307,Samantha Potter,millerjudith@example.com,Belgium,2025-02-02
308,Olivia Nichols,leerobert@example.net,Saint Lucia,2024-06-22
309,Todd Pierce,davidstewart@example.org,Vanuatu,2024-08-10
310,Christopher Diaz,orodriguez@example.org,Philippines,2024-11-30
311,Debbie Wilson,lopezcrystal@example.com,Venezuela,2024-06-26
312,Amber Stephenson,katie02@example.com,Wallis and Futuna,2023-07-21
313,Robert Lopez,matthewgalvan@example.com,Eritrea,2026-01-18
314,Kimberly Brown,harrellmatthew@example.net,Liberia,2024-12-13
315,Ricky Howe,dthompson@example.com,Singapore,2024-04-18
316,James Castillo,scott99@example.org,Austria,2024-04-04
317,Emily Jennings,ebrown@example.net,Turkey,2024-06-06
318,Travis White,jimmy75@example.com,Nicaragua,2024-06-27
319,Cory Lynch,tiffanyhayes@example.net,Bhutan,2023-05-30
320,Dr. Kenneth Johnson,smithguy@example.com,Dominica,2025-04-21
321,Rachel Moss,lwaller@example.com,Kuwait,2025-08-24
322,Ashley Baker,xturner@example.com,Lesotho,2025-11-07
323,Stephanie Brown,paulmaynard@example.org,Dominican Republic,2023-09-06
324,Rebecca Hammond,gnielsen@example.com,Dominica,2024-03-27
325,Mark Edwards,douglaspaula@example.com,Andorra,2024-02-12
326,David Warren,acole@example.org,Philippines,2024-12-22
327,Mark Tucker,jwheeler@example.org,Hungary,2025-02-20
328,Richard Peterson,robertsbrian@example.net,Tonga,2023-08-21
329,Heather Yu,richard48@example.com,Mauritius,2025-03-04
330,Kimberly Nunez,philip69@example.net,Sudan,2023-08-30
331,Alyssa Pierce,kylegonzalez@example.com,Andorra,2024-09-06
332,Roy Romero,medinamatthew@example.net,Uganda,2023-04-20
333,Sandra Vazquez,angelica01@example.org,Kazakhstan,2023-06-18
334,Rebecca Ball,youngjohn@example.com,Marshall Islands,2024-05-15
335,Jillian Chung,jessicagarrett@example.com,Georgia,2025-06-17
336,Patricia Whitney,martinezdana@example.net,Barbados,2024-10-09
337,Joan Collins,max06@example.org,Bangladesh,2023-10-11
338,Phillip Wright,masonnicole@example.org,Andorra,2024-05-19
339,Kelly Guerrero,kcallahan@example.org,Vanuatu,2024-04-18
340,Samantha Rivera,janicekhan@example.org,Egypt,2023-12-31
341,Debbie Green,fmorgan@example.net,Philippines,2025-02-01
342,John Diaz,parkerjuan@example.org,Benin,2025-04-22
343,Clinton Hall,ryanhunter@example.net,Turkmenistan,2024-06-04
344,Shawn Blankenship,derrickmann@example.org,Iran,2024-06-21
345,Ronald Pugh,jessegray@example.com,Nigeria,2025-07-26
346,Jordan Jenkins,briangreen@example.org,Sweden,2024-05-18
347,Rachel Murray,jeffrey36@example.org,Luxembourg,2023-05-12
348,Billy Brown,brandonwhitney@example.org,Guyana,2026-01-19
349,Janice Bishop,cshort@example.net,Jersey,2023-12-31
350,Mrs. Kelly Cooley,andrew62@example.org,Bolivia,2025-07-10
351,Brent Rush,harrispaige@example.com,Uruguay,2024-05-12
352,Justin Garrison,ymiller@example.net,Cote d'Ivoire,2024-06-13
353,Justin Jones,pbailey@example.org,Serbia,2024-09-24
354,Stephanie Martin,byrdcaleb@example.org,Saint Vincent and the Grenadines,2024-04-12
355,Theresa Fields,njoseph@example.com,Austria,2025-06-21
356,Wayne Dominguez,fchavez@example.org,Aruba,2025-10-27
357,Sandra Andrews,elizabeth93@example.org,Macao,2026-03-26
358,Craig Liu,hmanning@example.org,Christmas Island,2024-03-05
359,Janet Walters,tinafox@example.com,Holy See (Vatican City State),2023-10-11
360,Kevin Lewis,danielpennington@example.net,Papua New Guinea,2026-03-25
361,Jessica Roberts,umorgan@example.net,American Samoa,2025-09-03
362,Sonya Villanueva,ylawson@example.com,Romania,2023-10-26
363,Kaitlyn Smith,tgonzalez@example.org,San Marino,2024-09-06
364,Sara Miller,justin43@example.net,Niger,2025-09-20
365,Angela Ramsey,gmills@example.net,Burundi,2024-08-03
366,Carrie Sexton,rosariomark@example.net,Latvia,2023-10-03
367,Kevin Hall,hhernandez@example.net,Kazakhstan,2025-07-08
368,Christopher Weaver,brittney42@example.net,Syrian Arab Republic,2023-11-28
369,Christopher Schaefer,zpotter@example.org,Lesotho,2023-08-16
370,Michael Schroeder,lrichard@example.org,Guinea-Bissau,2023-06-27
371,Don Tran,clarkmichael@example.org,Honduras,2023-05-12
372,Elizabeth Rodriguez,agriffin@example.net,Antigua and Barbuda,2024-08-12
373,Brittany Gonzalez,joel55@example.org,Namibia,2023-06-03
374,Mark Allen,erica01@example.net,Kyrgyz Republic,2025-11-22
375,Nicholas Adams,robert36@example.net,Sweden,2023-10-18
376,Clinton Snow,jeanette29@example.com,North Macedonia,2024-12-03
377,Brandon Ford,esalazar@example.org,Czech Republic,2025-02-07
378,Kim Wilcox,michael78@example.net,Senegal,2023-12-23
379,Ashley Hudson,brandylane@example.org,Netherlands,2025-09-19
380,Christine Brown,jessicaedwards@example.com,Fiji,2025-01-11
381,John Collins,jenna21@example.com,Poland,2023-10-01
382,Jacqueline Shields,xgarcia@example.net,Dominican Republic,2025-04-16
383,Robert Brooks,ellistonya@example.net,French Guiana,2023-11-13
384,Bryce Carter,deborah17@example.net,Northern Mariana Islands,2025-01-18
385,Nicolas Turner,tatejohn@example.net,Djibouti,2023-07-24
386,Allison Delgado,donaldmartin@example.net,Japan,2025-04-01
387,Olivia Brown,carrie33@example.com,Heard Island and McDonald Islands,2025-06-19
388,Bradley Gould,sandovalmichelle@example.net,Tuvalu,2025-09-23
389,Andrew Munoz,valerietaylor@example.com,Poland,2024-05-31
390,Paul Allen,justin00@example.com,Mayotte,2024-05-07
391,Meagan Crawford,jfernandez@example.com,Swaziland,2024-06-07
392,Victor Miller,victoriasantana@example.com,Niue,2024-05-18
393,Amy Garcia,andrea64@example.net,Slovenia,2023-11-08
394,Edward Escobar,reynoldsedward@example.net,South Africa,2023-10-21
395,Allison Roberts,alexanderhoward@example.net,Wallis and Futuna,2024-04-17
396,Kelly Vincent,dennishiggins@example.net,Faroe Islands,2024-05-07
397,Jody Jenkins,michaelsilva@example.com,Nicaragua,2024-09-03
398,Peter Lewis,osmith@example.org,Netherlands,2025-01-02
399,Amy Brown,spencerjohn@example.net,Northern Mariana Islands,2024-08-24
400,Jacqueline Howell,alyssa13@example.org,Nicaragua,2026-02-15
401,Jermaine Ward,duncansydney@example.com,Angola,2025-08-30
402,Jo Marshall,yolanda37@example.com,Antarctica (the territory South of 60 deg S),2024-04-18
403,David Erickson,mariadaniel@example.net,Tonga,2025-06-16
404,Stacy Carroll,josephjessica@example.net,Malta,2023-09-25
405,Samantha Smith,breanna25@example.com,United States Minor Outlying Islands,2025-08-18
406,Kyle Christensen,michelle09@example.net,Uganda,2024-08-08
407,Linda Wells,shelbybeck@example.com,Bahrain,2025-03-03
408,Christopher Beck,scottthornton@example.net,South Georgia and the South Sandwich Islands,2023-04-21
409,Mitchell Reyes,benjamin74@example.com,Taiwan,2024-11-26
410,Mr. Jason Cook,jessicawebb@example.net,Belgium,2024-10-18
411,Dr. Jonathon Hansen,hannah62@example.com,Yemen,2023-05-22
412,Phillip Gonzalez,ashleyharrell@example.com,Rwanda,2025-09-22
413,Cynthia Sutton,christopher08@example.org,Tajikistan,2023-06-06
414,Amy Rosales,ronnie70@example.org,Bangladesh,2025-03-04
415,Morgan Reed,greenemichelle@example.net,Mexico,2025-01-06
416,Scott Ochoa,garciayolanda@example.net,Mexico,2025-11-08
417,Kristen Ibarra,ojones@example.net,Barbados,2023-06-02
418,Madison Flores,carl81@example.net,Korea,2025-11-24
419,Desiree Cordova,carla25@example.net,Maldives,2025-10-05
420,Frank Reed,cooperdavid@example.org,Finland,2023-11-06
421,Heidi Luna,flynncarrie@example.org,Denmark,2025-11-01
422,Sharon Park,reyesjennifer@example.com,United States Virgin Islands,2026-03-20
423,James Lopez,brittanybeck@example.org,Portugal,2025-02-10
424,Alexander Jones,claudia45@example.net,Christmas Island,2024-12-16
425,Becky Moreno,piercetyler@example.com,Honduras,2025-11-23
426,Billy Shepard,westjuan@example.net,Chile,2025-08-24
427,Amber Christensen,ruben64@example.org,Kyrgyz Republic,2025-12-16
428,Larry Shah,blackrichard@example.net,Namibia,2024-04-13
429,Brian Powers,pvillanueva@example.com,Colombia,2025-06-12
430,Robert Carr,brooksmary@example.net,Costa Rica,2024-02-25
431,Robert Vargas,torresmichelle@example.org,British Indian Ocean Territory (Chagos Archipelago),2024-06-27
432,Philip Lopez,herringhayley@example.org,Maldives,2025-05-17
433,Diana Ochoa,christopheraguilar@example.net,Italy,2023-09-25
434,Shawn Duran,brenda40@example.com,Latvia,2023-08-04
435,Eric Humphrey,bailey50@example.net,Greece,2024-11-14
436,John Jensen,ronald89@example.net,Burkina Faso,2024-05-12
437,Melissa Hoffman,robertlong@example.net,Iceland,2024-12-21
438,Judy Richardson,jessicahoward@example.org,Tuvalu,2023-10-11
439,Tamara Stone,hgates@example.net,Greece,2023-09-20
440,Richard Hansen,reginagonzales@example.com,Cayman Islands,2024-11-23
441,Harold Rivas,thomasparker@example.com,Zambia,2024-05-05
442,Ethan Mccarthy,mitchellivan@example.org,Botswana,2024-04-19
443,Linda Meyer,ryan73@example.net,Zimbabwe,2023-07-09
444,Sonya Carlson,thomasbrenda@example.org,United States Minor Outlying Islands,2025-06-28
445,Brandon Dunlap,xcarter@example.net,Kyrgyz Republic,2024-03-01
446,Suzanne Jimenez,nperez@example.org,Taiwan,2024-06-23
447,Daniel Brown,tammy30@example.com,Jamaica,2023-12-12
448,Ruth Ward,donmiller@example.com,Malawi,2024-08-30
449,Edward Mitchell,jdaugherty@example.org,India,2026-02-21
450,Sandra Guzman,benjaminthomas@example.org,Puerto Rico,2024-12-27
451,Patrick Collins,bradley37@example.com,Nigeria,2024-03-03
452,Thomas Hester,brady79@example.org,Norfolk Island,2025-11-28
453,Melanie Munoz,randymoore@example.com,Bhutan,2025-08-13
454,Tracy Miller,hendersonmary@example.org,Isle of Man,2024-08-15
455,Tiffany Green,ashlee20@example.com,Maldives,2026-02-26
456,Stephanie Thompson,reynoldscharles@example.org,Hungary,2025-09-07
457,Rebecca Hill,rossstephanie@example.org,Poland,2024-04-09
458,Victoria Horton,patrick45@example.com,Liberia,2024-10-28
459,Daniel Cohen,ashley47@example.net,Poland,2023-07-15
460,Karen Kerr,yneal@example.com,Namibia,2025-01-27
461,Douglas Wade,michaelmorris@example.org,Namibia,2026-03-12
462,Michael Wagner,werickson@example.org,Macao,2026-02-07
463,William Cole,kphillips@example.net,Qatar,2025-10-19
464,Krystal Hunt,jenkinsalicia@example.org,Guernsey,2024-09-06
465,Timothy Scott,dawsonchris@example.org,Afghanistan,2025-11-17
466,Jill Taylor,melinda25@example.com,Albania,2025-02-12
467,Melanie Clark,wheelertracy@example.net,Congo,2025-06-13
468,George Faulkner MD,audrey71@example.net,New Caledonia,2026-01-05
469,David Collier,juan09@example.net,Macao,2024-09-03
470,Kelly Barnett,james65@example.net,Slovenia,2024-02-25
471,Anna White,alejandroallen@example.com,French Guiana,2025-11-08
472,Mark Haley,davidsonscott@example.net,British Virgin Islands,2024-07-09
473,Anthony Craig,karen49@example.net,Iran,2023-12-18
474,Angela Murphy,christianmartin@example.com,Lesotho,2023-09-09
475,Jasmine Rivas,rhondabailey@example.com,Kazakhstan,2025-12-21
476,Angela Harrison,teresarich@example.com,Angola,2025-06-17
477,James Bates,tracyyoung@example.com,Ghana,2026-01-23
478,Rebecca Gonzalez,valdezdennis@example.org,Vanuatu,2024-05-24
479,Mitchell Hobbs,nicolejackson@example.net,Guyana,2025-10-27
480,Jesse Johnson,kenneth00@example.net,Djibouti,2025-07-23
481,Theresa Gibson,pyoung@example.com,Greenland,2024-06-02
482,Adrian Peterson,jennifer31@example.net,Moldova,2025-07-24
483,Michael Aguilar,stephen09@example.com,Haiti,2024-01-16
484,Joanne Garcia,zrich@example.org,Cambodia,2025-11-02
485,Robert George,robintaylor@example.net,Sierra Leone,2026-01-25
486,Jennifer Hodges,dhammond@example.org,South Georgia and the South Sandwich Islands,2023-09-21
487,Jeffrey Reynolds,meganmiller@example.com,Thailand,2024-10-29
488,Rhonda Gonzalez,flemingangela@example.com,Cocos (Keeling) Islands,2023-07-03
489,Margaret Thomas,kathrynhubbard@example.net,Palau,2023-12-31
490,Donna Morgan,ehayes@example.com,Seychelles,2023-08-13
491,Megan Johnson,lbarrera@example.net,Cocos (Keeling) Islands,2025-02-03
492,Frances Meyer,catherinegarner@example.net,Cook Islands,2024-09-04
493,William Johnson,carpentervanessa@example.org,Central African Republic,2025-02-08
494,Jessica Hardy,madisonchavez@example.com,Antarctica (the territory South of 60 deg S),2024-05-17
495,Dr. Gabriel Smith,stephanie60@example.net,Cambodia,2025-11-28
496,Nicole Brown,kaitlynbrock@example.org,Saudi Arabia,2024-10-16
497,Alexander Jacobs,ahoward@example.com,United Arab Emirates,2025-06-27
498,Christopher Johnson,thomaschung@example.com,Pakistan,2025-12-20
499,Juan Bates,lisajones@example.org,Northern Mariana Islands,2023-07-26
500,Erica Martin DVM,hollyosborn@example.com,Netherlands,2024-09-26
501,Timothy Williams,denise38@example.org,Hong Kong,2024-08-03
502,Rodney Robinson,matthewmckee@example.com,Kiribati,2024-12-27
503,Nancy Flores,suttonmarie@example.com,Uzbekistan,2023-07-08
504,Mr. Michael Saunders,sophiajohnson@example.net,Switzerland,2025-09-06
505,Kelly Love,gdavis@example.org,Mali,2025-10-14
506,Roger Harrington,jonesjames@example.org,Belize,2025-09-30
507,Michele Jones,crawfordchristopher@example.com,Finland,2025-12-04
508,Vanessa Foster,wsalazar@example.org,Faroe Islands,2023-04-17
509,Angel Thompson,petersonmatthew@example.org,Tokelau,2023-12-06
510,Eugene Stewart,awillis@example.org,Liberia,2025-07-24
511,Donna Johnson,william49@example.com,Georgia,2025-02-24
512,Jennifer Williams,pperez@example.net,Guatemala,2024-07-09
513,Laura Medina DVM,herreraray@example.org,Slovenia,2023-06-05
514,Stephanie Reed,jennifer62@example.net,Barbados,2024-12-07
515,Michael Schwartz,james81@example.com,Nigeria,2023-04-23
516,David Marshall,larryvelez@example.org,Iran,2025-09-18
517,Charles Sosa,smithjeffery@example.com,French Southern Territories,2025-05-21
518,Crystal Kramer,bennettseth@example.net,Turkey,2023-06-08
519,Daniel Williams,jessicahill@example.net,Mali,2024-01-14
520,Mary Shaw DVM,higginspatrick@example.net,Kuwait,2025-10-24
521,Eddie Bullock,ethanbrooks@example.net,Philippines,2025-07-04
522,Jose Roman,reyesdavid@example.net,Bahamas,2025-09-27
523,Dana Fernandez,juarezrebecca@example.com,Korea,2025-12-21
524,Jean King,mike30@example.com,Cyprus,2023-12-02
525,Laura Mathis,kathy52@example.org,Iraq,2025-01-14
526,Julie Durham,hcarter@example.org,Northern Mariana Islands,2025-10-19
527,Michael Young,fkennedy@example.net,Venezuela,2024-09-30
528,Kristi Hunter,rachel73@example.org,Holy See (Vatican City State),2024-12-20
529,Jonathon Ortiz,nicholas06@example.org,Dominica,2025-11-03
530,Michael Potts,elane@example.net,Bangladesh,2023-09-10
531,Amy Evans,daltonjennifer@example.org,Congo,2025-06-21
532,Maria Moore,iblankenship@example.org,Burundi,2024-08-18
533,Monica Murphy,vanessawalsh@example.com,Saint Barthelemy,2024-04-20
534,Kathryn Rose,watsontanner@example.org,United States Minor Outlying Islands,2025-07-29
535,Robert Palmer,hebertthomas@example.com,Nicaragua,2024-07-31
536,Christopher Novak,millerjennifer@example.com,Cameroon,2025-01-06
537,Brady Gonzalez,lisamitchell@example.net,Tonga,2025-09-20
538,Ethan Brown,jose32@example.com,Azerbaijan,2024-11-17
539,Matthew Weaver,thomasballard@example.org,Cape Verde,2023-12-29
540,Jennifer Mcdonald,zsalazar@example.com,Turkey,2025-05-21
541,Thomas Jacobs,bradleyellis@example.org,Saint Helena,2024-11-22
542,Sharon Taylor,fred38@example.com,Argentina,2025-07-29
543,Jennifer Miranda,dsummers@example.com,Colombia,2024-03-01
544,Marcus Singh,bentleybrent@example.org,Somalia,2025-01-26
545,Shawn Myers,cbrown@example.com,Brunei Darussalam,2025-01-16
546,Brittney Kelly,christopher49@example.net,Tokelau,2025-03-12
547,Anthony Johnson,keithstuart@example.net,Mauritania,2025-02-10
548,David Thompson,vargasjeffrey@example.net,China,2025-06-30
549,Carol Walker,philip32@example.org,Cote d'Ivoire,2023-05-24
550,Heather Spencer,gordonashley@example.org,Namibia,2023-09-25
551,Gina Scott,juaneaton@example.org,Chile,2025-06-13
552,Christina Crawford,cassandra71@example.org,Netherlands Antilles,2024-09-02
553,Ann Flores,alexandra13@example.com,Belarus,2023-07-05
554,Jared Anderson,anita70@example.net,Cuba,2023-07-03
555,Michael Nguyen,stacy87@example.net,Montserrat,2025-01-16
556,Mr. Donald Moore,fwilliams@example.org,Christmas Island,2023-04-18
557,Travis Davis,hodgeelizabeth@example.org,Libyan Arab Jamahiriya,2024-01-06
558,Patricia Banks,kevin04@example.com,Sao Tome and Principe,2025-05-03
559,Gary Elliott,suesmith@example.com,Uzbekistan,2025-12-30
560,Tina Cooper,andersonbradley@example.net,Taiwan,2024-01-16
561,Kevin Martinez,randyhill@example.net,Anguilla,2026-01-10
562,Larry Edwards,lanetracy@example.net,Cape Verde,2024-01-21
563,Linda Martinez,richardbaldwin@example.net,Pakistan,2023-11-30
564,Patrick Cordova,codycastillo@example.net,Rwanda,2024-10-15
565,Joseph Morales,pricepaul@example.net,Moldova,2023-11-05
566,Christina Terrell,jacqueline10@example.com,United States Virgin Islands,2025-02-17
567,Adam Dean,alexis98@example.net,Suriname,2024-12-24
568,Travis Garcia,carlos26@example.com,Costa Rica,2023-04-14
569,Scott Kerr,lindseyrosario@example.net,Paraguay,2025-07-28
570,Jeffrey Case,nsmith@example.net,United States Virgin Islands,2024-02-14
571,Rebecca Valdez,jennyperkins@example.net,Botswana,2026-03-30
572,William Jackson,clairereyes@example.net,Philippines,2023-04-11
573,Erica Nguyen,robertobernard@example.net,Norfolk Island,2025-03-15
574,Gail Rodriguez,iaguirre@example.com,Turks and Caicos Islands,2025-06-18
575,John Bean,pughgary@example.org,Slovakia (Slovak Republic),2025-01-17
576,Nicole Matthews,robertamiller@example.net,Costa Rica,2024-11-04
577,Marvin Wise,chanrussell@example.com,Moldova,2023-05-10
578,Kenneth Andrews,browngina@example.org,Afghanistan,2024-04-22
579,Daniel Young,megan12@example.org,Turkmenistan,2025-01-07
580,Beth Frey,kenneth24@example.org,Colombia,2023-10-15
581,Gregory Clark,amy84@example.com,Maldives,2024-04-17
582,Steven Rodriguez,jamesfox@example.net,Kyrgyz Republic,2023-04-02
583,Lindsay York,dyoung@example.net,Honduras,2025-01-04
584,Marissa Chase,patricia28@example.com,Papua New Guinea,2025-04-14
585,Blake Graham,xgarcia@example.org,Saint Pierre and Miquelon,2025-06-18
586,Susan Miller,heatherhale@example.net,Equatorial Guinea,2023-12-08
587,Christina Combs MD,jherrera@example.net,Denmark,2025-03-14
588,Laura Hardy,donna26@example.com,Chad,2025-09-27
589,Emily Gibson,michael41@example.net,Cameroon,2024-07-21
590,Emily Howard,carlhampton@example.org,Uganda,2024-01-11
591,Raven Lynch,holmesmaria@example.com,United States of America,2024-05-07
592,Gary Dominguez,richardramos@example.org,Congo,2023-11-24
593,Anthony Franklin,nlloyd@example.net,Maldives,2024-05-25
594,Brian Watson,wanderson@example.net,Belize,2025-05-27
595,Christopher Long,zmercado@example.org,Myanmar,2023-07-15
596,Joseph Mccoy,joshua92@example.com,Peru,2026-01-21
597,John Nolan,lori42@example.org,Italy,2024-02-20
598,Amy Gutierrez,bennettjacob@example.org,Jordan,2023-05-27
599,Preston Nicholson,heathertucker@example.com,Greenland,2024-07-02
600,Brittany Brown,robertpowell@example.org,Lesotho,2024-02-14
601,Rachel Jones,marymorrison@example.com,Bahrain,2023-11-05
602,Stefanie Flores,dberry@example.org,Bolivia,2023-12-21
603,Jose Garcia,susanbolton@example.org,Guinea,2026-02-08
604,Cameron Andrews,wilsonkaren@example.net,Guam,2023-05-22
605,Trevor Berger,jenningsrachel@example.net,Iraq,2025-06-13
606,Antonio Murray,hillmatthew@example.com,Isle of Man,2024-06-17
607,Christopher Marks,xwright@example.com,Cote d'Ivoire,2025-06-11
608,Madison King,yaustin@example.net,Hungary,2024-11-01
609,Tracey Soto,louis42@example.net,Singapore,2024-09-10
610,Harold Hansen,umoore@example.org,Reunion,2025-06-30
611,Johnny Wilson,ptorres@example.org,Chad,2026-01-12
612,Donna Matthews PhD,christina85@example.net,Ukraine,2024-12-06
613,Dawn Cook,brandon70@example.net,Malaysia,2024-04-13
614,Melissa Silva,amy40@example.com,Bolivia,2024-12-18
615,Robert Estes,sanchezjacqueline@example.org,Palau,2023-10-14
616,Virginia Payne,jessica72@example.org,Belize,2025-02-15
617,Erin Day,danny72@example.org,Belarus,2025-03-31
618,Steven Miller,rachel65@example.org,Svalbard & Jan Mayen Islands,2023-06-05
619,Melissa Perry,armstrongjohn@example.org,Marshall Islands,2023-06-08
620,Angela Mitchell,kimberly72@example.com,Czech Republic,2024-02-19
621,Hunter Gordon,uwilson@example.com,Peru,2025-06-19
622,Laura Ramirez,melissa23@example.org,Myanmar,2025-02-05
623,Sean Winters,christina09@example.com,Sri Lanka,2023-06-01
624,Michael Phillips,timothypennington@example.org,Micronesia,2023-06-17
625,Lisa Arnold,petergallagher@example.net,Sierra Leone,2024-01-08
626,Ashley Cook,leenicole@example.org,Canada,2026-02-25
627,Kristina Branch,zblackwell@example.org,Bosnia and Herzegovina,2023-07-08
628,Rachel Harris,millerjoanna@example.org,Rwanda,2025-04-17
629,Kelly Tate,wilsonjamie@example.com,Italy,2024-03-05
630,Gary Santana,gbishop@example.com,Slovakia (Slovak Republic),2023-05-10
631,Benjamin Rivera IV,kathleensantana@example.net,Saint Vincent and the Grenadines,2024-04-18
632,Donna Wright,uwilson@example.org,Australia,2024-07-02
633,Elizabeth Robinson,kimberlydouglas@example.net,Antigua and Barbuda,2025-12-01
634,Bryan Lee,tjackson@example.net,Lebanon,2025-07-06
635,Matthew Barrett,josephriley@example.com,Turkmenistan,2025-01-22
636,Aaron Roman,wellsamy@example.org,Heard Island and McDonald Islands,2024-08-18
637,Ann Burns,gonzalezrobert@example.org,Nepal,2023-12-10
638,Diane Taylor,gsmith@example.org,Gabon,2024-10-20
639,Erika Smith,moransean@example.net,Palau,2025-07-19
640,Mitchell Potter,morgan73@example.org,Timor-Leste,2024-06-24
641,Allison Taylor,paulsantana@example.net,Nicaragua,2026-01-05
642,Roger Smith,hhudson@example.net,Samoa,2024-01-28
643,Brian Pugh,jameshoward@example.net,Cook Islands,2024-08-04
644,Philip Shea,bailey54@example.com,Algeria,2026-01-03
645,Dillon Lowe,thomashenry@example.com,Ireland,2023-06-27
646,Amy Poole,yrobinson@example.org,New Caledonia,2025-05-22
647,Lisa Sullivan,kennethreeves@example.com,South Africa,2023-08-06
648,Miguel Merritt,jessicawelch@example.com,Norfolk Island,2025-09-10
649,Sean Arnold,iwilliams@example.com,Dominica,2024-06-11
650,Ricky Green,jharris@example.net,Nigeria,2023-12-16
651,Samuel Reynolds,pruittsusan@example.com,Montenegro,2025-10-07
652,Anna Roth,robertbray@example.org,Paraguay,2025-03-06
653,Mr. Matthew Wells Jr.,fowlercurtis@example.org,El Salvador,2023-05-19
654,Michael Lopez,williampeterson@example.net,Honduras,2023-07-22
655,Lorraine Melendez,gonzalezmanuel@example.com,Mexico,2025-12-18
656,Kristy Jones,westdavid@example.com,Pitcairn Islands,2026-03-05
657,Erin Reyes,wadeleslie@example.org,Eritrea,2025-07-13
658,Jasmine Kelly,tylermcdaniel@example.net,China,2024-11-21
659,Michael Walker,maynardjordan@example.org,Serbia,2023-10-29
660,Krista Thornton,samuelwilliams@example.net,Iceland,2023-08-23
661,Jessica Thompson,ricardobrown@example.com,Bahamas,2025-02-10
662,Robert Sanchez,megan97@example.net,Sudan,2025-07-04
663,Malik Oliver,obrienkimberly@example.com,Bosnia and Herzegovina,2026-03-24
664,Gabriel Brown,candiceobrien@example.net,Botswana,2025-10-15
665,Kaitlyn Guzman,elizabeth95@example.org,Iceland,2023-04-03
666,Alexander Nash,jacqueline43@example.com,Tuvalu,2025-02-09
667,Terri Underwood,uwatson@example.com,Reunion,2023-06-21
668,Jessica Robinson,tylerreyes@example.net,United Kingdom,2024-12-05
669,Taylor Delgado,woodnancy@example.net,Algeria,2024-12-09
670,Charles Alvarez,hross@example.net,Czech Republic,2024-03-14
671,Steven Stewart,brandywest@example.org,Kazakhstan,2024-10-02
672,Brooke Johnson,mitchellmoore@example.net,Korea,2025-08-08
673,Kenneth Miller,jeffrey63@example.net,Syrian Arab Republic,2025-01-23
674,Lisa Brooks,darrell78@example.net,Brazil,2025-07-14
675,Melissa Campbell,mitchellcarol@example.com,Azerbaijan,2026-03-16
676,Timothy Roberts,crystal38@example.org,Macao,2025-02-10
677,Michael Adams,sosatina@example.org,Portugal,2024-10-03
678,Jennifer Salazar,aaronjones@example.org,Malta,2026-03-09
679,Adam Fisher,gmahoney@example.net,Qatar,2024-06-14
680,Katherine Wolf,rjones@example.org,Tajikistan,2024-10-13
681,Martha Patel MD,catherine84@example.com,Lao People's Democratic Republic,2023-10-19
682,Kimberly Goodwin,millsdarius@example.org,Gambia,2025-08-26
683,Randy Martinez,hartmantracy@example.org,Mauritius,2025-12-28
684,Holly Alexander,alexanderrobert@example.net,Syrian Arab Republic,2023-10-12
685,Whitney Smith,okelly@example.net,Sao Tome and Principe,2024-08-13
686,Rhonda Gomez,dawndalton@example.com,Greenland,2025-05-18
687,Patricia Dennis,ronaldlewis@example.com,Ecuador,2024-12-23
688,Stacy Schmidt,cynthiayoung@example.net,Heard Island and McDonald Islands,2025-05-11
689,Rebecca Perez,paulkelly@example.com,Slovenia,2024-03-01
690,Dean Gonzalez,valeriegeorge@example.net,Tunisia,2024-09-03
691,Joseph Choi,jenniferjefferson@example.com,Bermuda,2026-03-26
692,Amy Taylor,hallnicholas@example.org,Rwanda,2024-02-13
693,Marissa Garrett,boonechristine@example.net,Latvia,2023-11-23
694,Elizabeth Henderson,janetdrake@example.net,Dominican Republic,2025-03-18
695,Michael Lopez,sarahgray@example.net,Tokelau,2024-03-25
696,Melissa Holt,gregoryschneider@example.net,Bulgaria,2025-03-09
697,Christina Randall,benjaminadkins@example.com,Czech Republic,2023-10-03
698,Spencer Collins,smartinez@example.org,Bhutan,2023-04-21
699,Robert Schultz,ronald46@example.net,France,2023-12-02
700,Alicia Jackson,suttonmorgan@example.net,Uzbekistan,2026-03-05
701,Adam Welch,uward@example.org,Liberia,2024-10-13
702,George Baker,michele85@example.org,Martinique,2024-05-17
703,Anita Burton,sullivanjessica@example.com,Bahamas,2025-04-16
704,Stephanie Morris DVM,cory48@example.org,Iran,2023-07-29
705,Sonia Parker,jason96@example.com,Namibia,2026-02-15
706,Kimberly Li,ojackson@example.net,French Polynesia,2025-09-17
707,Kristina Pierce,johnprince@example.org,Taiwan,2025-05-15
708,Virginia Joseph,codyvasquez@example.net,Israel,2025-01-30
709,Misty Murphy,kwhite@example.com,Congo,2025-11-15
710,Yesenia Cabrera,mckenzieann@example.org,Algeria,2024-09-13
711,Pamela Diaz,evanschristopher@example.net,Tokelau,2025-09-20
712,Madison Copeland,tguzman@example.net,Panama,2024-09-08
713,Brian Khan,cheyennegraham@example.net,Georgia,2025-07-31
714,Amanda Walker,monicaarellano@example.org,Christmas Island,2025-03-20
715,Brittany Lewis,debramunoz@example.org,Congo,2025-08-23
716,Leslie Rodriguez,sandrakennedy@example.org,Cameroon,2024-12-22
717,Donna White,mkim@example.net,Guyana,2025-03-12
718,Kelly Johnson,pcarr@example.com,Cote d'Ivoire,2025-05-23
719,Scott Garcia,whopkins@example.com,Uruguay,2025-09-06
720,Monique Jennings,wbrown@example.com,Vanuatu,2023-09-07
721,Robert Young,garrettjohn@example.net,Canada,2026-03-10
722,Carlos Boyd,martinjames@example.org,Somalia,2023-04-01
723,Robert Hammond,ubell@example.com,Burundi,2025-01-11
724,Vanessa Adams,bradleypatton@example.org,Venezuela,2023-11-13
725,Laura Ward,escott@example.net,Sudan,2025-10-22
726,Danielle Davis,barbara69@example.com,Marshall Islands,2025-11-28
727,Blake Williams,tracy55@example.org,Saint Pierre and Miquelon,2025-05-21
728,Steven Smith,uscott@example.com,Saudi Arabia,2023-07-14
729,Patrick Wu DVM,plopez@example.com,Angola,2023-09-22
730,Mark Myers,thomasdawn@example.com,Tonga,2025-11-02
731,David Madden,codybuckley@example.org,Central African Republic,2024-09-05
732,Kevin Hayes,cindy31@example.net,Tajikistan,2025-03-12
733,Rodney Mcmillan,caitlin53@example.org,Kiribati,2025-08-07
734,James Blackburn,meyerchristopher@example.net,Fiji,2024-10-20
735,Shane Palmer,evan52@example.net,Ethiopia,2024-09-15
736,Julia Morrison,catherinestevens@example.com,Norfolk Island,2023-06-09
737,Theresa Porter,tinahaley@example.net,Belarus,2025-08-31
738,Thomas Daniels,freemanlogan@example.com,Cuba,2023-08-25
739,Terri Ibarra,harrisrichard@example.com,Libyan Arab Jamahiriya,2025-08-19
740,Amanda Miranda,tshelton@example.net,United States Minor Outlying Islands,2023-08-19
741,Kimberly Chan,tstuart@example.org,Jersey,2025-06-17
742,Amanda Bauer,rjones@example.net,Kenya,2024-03-24
743,Heather Clay,leejeffrey@example.com,Turkey,2025-09-06
744,Darren Morris,anthony43@example.org,Malta,2024-07-09
745,Ashley Roberson,johnsonfrancisco@example.com,Haiti,2024-03-28
746,Hannah Carter,kjones@example.org,Algeria,2023-06-10
747,Sarah Johnson,sean01@example.net,Armenia,2024-06-01
748,Hannah Anderson,jrodriguez@example.com,Canada,2023-07-02
749,Brandon Harris,wfields@example.com,Taiwan,2025-06-22
750,Kenneth Hill,erincunningham@example.org,Korea,2025-12-31
751,Amanda Salazar DVM,john56@example.org,San Marino,2025-01-01
752,Elizabeth Gray,tonyaturner@example.net,Jamaica,2023-08-01
753,Susan Garcia,perezdeanna@example.com,Cyprus,2024-12-09
754,Kimberly Martinez,fwalls@example.org,South Africa,2023-08-01
755,Robert Spears,ucox@example.com,Jersey,2025-10-28
756,James Farmer,ijohnson@example.net,Korea,2024-08-12
757,Anthony Evans,romeromegan@example.org,Somalia,2023-05-06
758,Christopher Murphy,dudleykaitlin@example.net,Guinea,2024-01-29
759,Natalie Mann,elizabeth66@example.com,Bulgaria,2025-03-03
760,Mitchell Mack,hurleychristina@example.org,El Salvador,2024-08-15
761,Dawn Griffith,dbecker@example.net,British Indian Ocean Territory (Chagos Archipelago),2024-09-19
762,Kelly Howe,igreen@example.net,Cape Verde,2025-01-07
763,Alicia Blake,campbelljohn@example.org,Montenegro,2025-03-24
764,Jacqueline House,olong@example.org,Solomon Islands,2023-11-19
765,Brent Gray,mbrown@example.com,New Zealand,2025-10-10
766,Patrick Jones,cfoster@example.net,Paraguay,2024-10-25
767,Daniel Williams,stacy24@example.com,Bouvet Island (Bouvetoya),2023-06-01
768,Scott Wood,seth71@example.net,Saint Helena,2025-03-11
769,Vincent Jenkins,thendrix@example.org,Uruguay,2024-11-02
770,Kevin Hart,robert89@example.net,Sri Lanka,2023-12-20
771,Marilyn Jones,ewilliams@example.net,Jordan,2024-04-07
772,Mary Singh,stacey31@example.org,Mauritania,2026-03-10
773,Taylor Harris,vegaderrick@example.org,Tanzania,2025-09-17
774,Samantha Contreras,cantumatthew@example.com,Ethiopia,2025-02-04
775,George Salas,lindsay40@example.com,Togo,2023-04-01
776,Jesse Wall,lauren36@example.net,Ecuador,2025-08-07
777,Eric Meyer,fischershannon@example.org,Honduras,2024-01-28
778,Damon Fletcher,bmoran@example.net,United Arab Emirates,2025-12-31
779,Jason Reyes,jasonadams@example.org,Senegal,2024-12-07
780,Jeffrey King,gshaw@example.org,Iran,2025-12-28
781,Angela Lopez,zsantos@example.com,Spain,2023-05-17
782,Monica Goodwin,dianetorres@example.com,Puerto Rico,2025-02-11
783,Tommy Lambert,johnny54@example.org,Mali,2024-09-09
784,Victor King,ttaylor@example.net,Montenegro,2023-09-16
785,Dawn Mack,ramirezsusan@example.net,Slovakia (Slovak Republic),2025-01-29
786,Jamie Miller,doughertykenneth@example.org,Iraq,2025-10-29
787,Patrick Alexander,frankjennifer@example.net,Christmas Island,2025-08-13
788,Benjamin Davis,victoria55@example.org,Uzbekistan,2024-02-11
789,Dean Morgan,herbert17@example.org,Gambia,2024-06-05
790,Jennifer Ford,jamie12@example.com,San Marino,2026-03-04
791,Amber Gates,ikidd@example.com,Sudan,2023-04-13
792,Stephanie Estes,larry41@example.net,Turkmenistan,2024-07-17
793,Luis Bryant,wendy41@example.org,Eritrea,2025-10-11
794,Omar Thompson,dustin95@example.net,Djibouti,2023-09-20
795,Jacob Bennett,efitzpatrick@example.com,Saint Barthelemy,2025-08-30
796,Casey Long,michaelandrade@example.org,North Macedonia,2025-05-18
797,Amanda Wilson,trich@example.com,French Polynesia,2023-09-20
798,Tiffany Williams,melissadoyle@example.net,Saint Lucia,2025-05-10
799,Brad Meyer,stephanie67@example.com,Bhutan,2023-06-25
800,James Neal PhD,paula61@example.org,Suriname,2026-03-28
801,Tina Mata,thomasmike@example.org,Svalbard & Jan Mayen Islands,2023-04-08
802,Alexis Schneider,dalton07@example.org,Sierra Leone,2025-11-24
803,Shawn Cobb,fmartin@example.com,Korea,2025-09-17
804,Amanda Howard,thomas58@example.com,Myanmar,2024-09-05
805,Colleen Obrien,tanyawashington@example.net,Romania,2025-09-20
806,Michael Green,courtneyhunter@example.com,Mongolia,2024-10-09
807,Jesse Nguyen,shaffermatthew@example.com,Thailand,2025-09-11
808,John Brewer,michaelgrant@example.net,Latvia,2024-12-12
809,Jessica Knight,paularice@example.org,Isle of Man,2026-02-11
810,Jeff Armstrong,williamsdana@example.net,Serbia,2024-11-15
811,Diane James,kdelacruz@example.net,Paraguay,2024-12-25
812,Kevin Ramirez,medinanicole@example.net,Tuvalu,2025-06-01
813,Ryan Aguilar,vsmith@example.net,Papua New Guinea,2024-08-18
814,Wayne Valentine,danielanderson@example.org,Venezuela,2023-09-17
815,Vanessa Larson,crystal08@example.com,Paraguay,2025-04-08
816,Jennifer King,kelseydoyle@example.com,Isle of Man,2023-09-08
817,John Kim,lbrowning@example.com,Guyana,2025-04-20
818,Rebekah Young,teresa20@example.org,Norway,2023-06-15
819,Jerry Allen,cynthia15@example.com,Costa Rica,2024-09-03
820,Gina Turner,suzanneperkins@example.com,Lithuania,2025-04-21
821,Cynthia Gonzales,lewisdanielle@example.com,Ukraine,2024-08-06
822,Jeffrey Farrell,emilyallen@example.com,Pakistan,2024-05-17
823,Mrs. Paige Lane MD,carlsonlauren@example.net,Djibouti,2024-05-07
824,Jeffrey Vang,erica31@example.net,Trinidad and Tobago,2025-09-01
825,Caleb Simpson,tracydougherty@example.net,Taiwan,2023-10-21
826,Jenna Whitaker,elizabeth63@example.com,Sudan,2024-08-04
827,Kevin Cowan,fholland@example.com,Latvia,2024-10-03
828,Robert Hobbs,stephanie21@example.com,Saint Pierre and Miquelon,2025-05-28
829,Amber Oconnell,dominiquepratt@example.net,Grenada,2025-11-28
830,Benjamin Hunter,hudsonluis@example.org,Netherlands,2023-05-29
831,Laura Thompson,garciapaul@example.net,Kyrgyz Republic,2024-06-21
832,Thomas Clarke,briggsanthony@example.org,Rwanda,2024-12-19
833,James Jones,hughesjohn@example.com,Singapore,2024-03-18
834,Trevor Taylor,patricia18@example.com,Liberia,2025-01-15
835,Kevin Burch,caitlinharris@example.net,Faroe Islands,2024-12-03
836,Ralph Roberts,margaret60@example.com,Senegal,2023-08-27
837,Virginia Arnold,charles96@example.net,Mexico,2025-04-06
838,Bianca Waters,michael49@example.org,Niger,2025-03-11
839,Barbara Wolfe,bhoward@example.net,Lesotho,2023-04-06
840,Elizabeth Macdonald,lopezchristina@example.com,Burkina Faso,2025-05-04
841,Heather Mcdaniel,owhitney@example.org,Palau,2024-01-03
842,Samuel Kelly,wwilcox@example.org,Montserrat,2025-03-11
843,Travis Washington,bbradley@example.net,Botswana,2025-08-10
844,Brittany Mcbride,danielledixon@example.net,Tokelau,2024-02-10
845,Kerry Matthews,anthony61@example.com,Mauritania,2024-08-10
846,Kevin Campbell,oscar59@example.net,Kyrgyz Republic,2024-01-07
847,Allison Huerta,harrydavis@example.org,Montserrat,2024-02-26
848,Luis Ortega,browndeborah@example.org,El Salvador,2024-04-20
849,Patricia Diaz,lauren59@example.com,San Marino,2024-05-08
850,John Johnson,barbara03@example.net,Cyprus,2023-05-17
851,Debbie Perkins,pbeard@example.org,Malta,2025-10-28
852,Jeremiah Gomez,smithdavid@example.com,Greece,2024-06-15
853,Brenda Yu,eric39@example.org,Singapore,2025-02-26
854,Joe Wright,qbartlett@example.com,Fiji,2023-12-14
855,Juan Ruiz,cdavis@example.com,Grenada,2024-01-05
856,Tammy Smith,spencejason@example.org,Finland,2025-04-27
857,Dr. Cynthia Taylor,brennannicole@example.com,United States of America,2023-05-27
858,Ian Fox,wnguyen@example.com,Turkmenistan,2025-05-31
859,Brandon Haynes,christopher19@example.net,Belize,2024-09-07
860,Kelly Black,esanchez@example.com,United Kingdom,2024-11-14
861,Ann Moss,briannamiles@example.com,Bangladesh,2025-06-10
862,Jordan Mitchell,luisburns@example.org,Turks and Caicos Islands,2024-10-30
863,Raymond Haney,curtis67@example.org,Netherlands,2024-02-04
864,Mrs. Kayla Brooks,sextonjoseph@example.net,Bhutan,2024-12-31
865,Angela Hawkins,edward25@example.net,Armenia,2025-04-13
866,Steven Gibson,ericreed@example.net,Portugal,2026-03-18
867,Jordan Rivera,mbarker@example.com,Dominica,2023-09-11
868,Kyle Shannon,xwallace@example.net,Liberia,2025-09-24
869,Jose Mueller,keith97@example.net,Congo,2023-08-19
870,Kristine Campos,lauren54@example.com,Denmark,2025-06-30
871,Paul Mills,slawrence@example.org,Turks and Caicos Islands,2023-12-10
872,Timothy Long,shane39@example.org,United Arab Emirates,2025-08-03
873,Jennifer Collins,cmitchell@example.com,Zimbabwe,2024-08-14
874,Tracy Garcia,cherylburke@example.org,Aruba,2024-03-06
875,Michael Ross,michaelblackburn@example.com,Jordan,2024-01-28
876,Alexis Wilson,gary18@example.net,Colombia,2023-10-09
877,Timothy Malone,zavalapaul@example.com,Tonga,2023-10-30
878,John Pineda,taylor87@example.org,United Kingdom,2024-05-07
879,Jason Turner,kenneth12@example.net,Afghanistan,2026-02-20
880,Katherine Dunn,gwallace@example.org,Saint Lucia,2025-10-15
881,Trevor Espinoza,huffjeremy@example.net,Antarctica (the territory South of 60 deg S),2025-06-09
882,Betty Hunter,jessicabryant@example.com,Malta,2025-05-11
883,John Velazquez,figueroastephen@example.org,Togo,2025-04-08
884,Kathryn Garcia DDS,katelynprice@example.net,Greenland,2025-01-11
885,Philip Smith,heatherbrady@example.org,Mauritius,2025-10-04
886,Jennifer Thompson,glennchristina@example.net,Belize,2024-04-16
887,Sean Mack,ywelch@example.org,Bulgaria,2026-01-02
888,Todd Mendez,haysjason@example.com,Mauritania,2024-09-16
889,Elizabeth Lam,wadecory@example.net,Somalia,2025-02-14
890,Doris Garcia,yhurst@example.com,Albania,2026-01-13
891,Bill Martinez,bryanyang@example.net,Central African Republic,2023-10-20
892,Donald Ortiz,chapmandaniel@example.org,Malaysia,2026-03-20
893,Valerie Johnson,larrypowell@example.net,British Virgin Islands,2025-03-02
894,Jerome Mercado,john08@example.org,Swaziland,2024-02-29
895,Brian Hernandez,emily86@example.com,American Samoa,2026-03-12
896,Michele Lee,steven21@example.net,Iceland,2023-04-22
897,Andrea Jones,chernandez@example.net,Zimbabwe,2023-09-04
898,Melissa White,ubaker@example.com,San Marino,2023-12-26
899,Anna Garcia,marshelizabeth@example.net,Northern Mariana Islands,2025-03-20
900,Jeffrey Reed,kevin61@example.net,Italy,2023-05-02
901,Andrew Evans,kaylahensley@example.org,United States Virgin Islands,2024-01-05
902,Leslie Sanders,gryan@example.com,Comoros,2023-10-12
903,Albert Charles,fandrews@example.org,Malaysia,2025-06-07
904,Tara Meyer,joseph66@example.net,Madagascar,2024-02-28
905,Sharon Dunn,brandonstewart@example.net,United States Minor Outlying Islands,2023-04-24
906,Tara Luna,barnettaaron@example.org,Papua New Guinea,2023-12-21
907,Martin Keller,christy22@example.org,Indonesia,2024-10-17
908,April Thomas,mbrown@example.com,Mexico,2024-11-16
909,Sharon Williams,scottjennifer@example.org,Peru,2024-04-11
910,John Kirk,kimberlylopez@example.org,Algeria,2024-10-01
911,Sherry Morris,nmaldonado@example.org,Turkey,2025-01-07
912,Joanna Mcknight,ujackson@example.org,Anguilla,2025-12-07
913,Dylan Petersen,sheryl89@example.org,Sao Tome and Principe,2023-12-14
914,Michael Turner,caseyantonio@example.com,Northern Mariana Islands,2024-11-26
915,Renee Alvarez,joshua82@example.com,Grenada,2024-03-22
916,Albert Hampton,whitejill@example.org,Colombia,2025-07-07
917,Anthony Richards,patrick49@example.org,French Southern Territories,2024-06-16
918,Leroy Cook,harrisemily@example.org,Italy,2024-07-28
919,Christopher Roach,kellylewis@example.org,Gabon,2023-07-22
920,Luis Carey,dortiz@example.com,Korea,2024-08-06
921,Nicholas Erickson,wendymendoza@example.com,Rwanda,2024-11-27
922,John Rivera,josephperez@example.com,Svalbard & Jan Mayen Islands,2025-04-16
923,Jason Jenkins,brandi56@example.net,United States Virgin Islands,2025-01-26
924,Brittany Gomez,fernandezdeborah@example.org,Bangladesh,2025-12-08
925,Robin Mitchell,lunatammy@example.org,United Kingdom,2024-09-20
926,Eric Rubio,ulee@example.net,Guyana,2026-02-17
927,Anthony Robinson,petersondennis@example.com,Ghana,2023-11-22
928,Melissa Allen,paynetaylor@example.net,Western Sahara,2024-05-15
929,Melissa Silva,hdavidson@example.org,Lithuania,2023-10-06
930,Brian Russell,xhernandez@example.net,Jamaica,2024-08-19
931,Patricia Martinez,iruiz@example.com,Turks and Caicos Islands,2023-09-23
932,Andrea Torres,patrickjordan@example.com,Iran,2024-12-17
933,Matthew Rodriguez,anthonybooth@example.com,Somalia,2025-06-01
934,Robert Riley,johnsonvanessa@example.net,Palestinian Territory,2024-09-29
935,Daniel Moore,xwatson@example.org,Canada,2024-08-06
936,Samantha Thomas,ytorres@example.org,Serbia,2024-02-12
937,Gary Hall,jessicasanchez@example.com,Anguilla,2024-11-12
938,Marissa Carter,katrinacampbell@example.com,Norway,2024-12-16
939,Alexandra Harrison,jensencassandra@example.com,Madagascar,2024-01-11
940,James Jones,riverabobby@example.net,Canada,2024-09-25
941,Linda Kelly,hodgesjames@example.net,Central African Republic,2025-04-29
942,Shannon Richmond,abowman@example.com,Mayotte,2025-11-21
943,Adam Taylor,cherrywilliam@example.org,French Southern Territories,2025-07-19
944,Daniel Guzman,stephanie98@example.org,Iraq,2024-04-02
945,Samantha Dyer,pjohnson@example.net,United States Virgin Islands,2025-05-19
946,Steven Gonzalez,elizabeth48@example.com,United States Minor Outlying Islands,2024-12-10
947,Mary Franklin,linda46@example.net,Palestinian Territory,2023-06-21
948,David Stewart,daviddorsey@example.com,Haiti,2023-10-22
949,Dr. James Barajas II,iblackburn@example.com,Switzerland,2025-11-17
950,Rita Gutierrez,daryl57@example.com,Micronesia,2024-04-11
951,Kayla Rivera,mitchelltravis@example.net,Burkina Faso,2025-10-27
952,Laura Martinez,catherine62@example.net,Honduras,2025-03-29
953,Amy Walker,uhaynes@example.com,Belgium,2025-12-22
954,Ryan Dawson,ijohnson@example.com,Kuwait,2025-06-23
955,Tracey Wheeler,wolfejoseph@example.net,Saint Barthelemy,2023-09-13
956,Pamela Preston,brianhester@example.net,Comoros,2025-12-06
957,Nicole Fuentes,pricesarah@example.org,British Virgin Islands,2024-10-28
958,Jean Anderson,coopernicole@example.com,Paraguay,2025-12-18
959,Mr. Christopher Mitchell,amanda31@example.net,Tonga,2025-06-15
960,Melanie Monroe,courtney67@example.net,Serbia,2024-08-14
961,David Chandler,leachalexis@example.org,Guinea,2023-06-29
962,Vanessa Perkins,cgonzalez@example.org,Barbados,2025-07-09
963,Julie Coleman,qanderson@example.org,Qatar,2025-10-24
964,Joshua Wright,kelly95@example.org,Guernsey,2024-06-04
965,Jason Gonzalez,ramirezbrian@example.org,Italy,2024-09-20
966,Alyssa Lang,tonylarsen@example.net,Romania,2025-05-31
967,Walter Robinson,michaelvelazquez@example.com,Svalbard & Jan Mayen Islands,2024-09-17
968,Michele Jones,lorihansen@example.org,Georgia,2025-03-16
969,Jessica Woods,andrewneal@example.org,Myanmar,2025-11-09
970,William Anderson,houstongregory@example.com,Holy See (Vatican City State),2023-07-22
971,Amy Wilcox,lowerybrandon@example.com,Canada,2024-08-09
972,Darrell White,ccruz@example.org,French Polynesia,2026-02-25
973,Thomas Davis,fjones@example.org,Jersey,2025-11-07
974,Riley Lara,kharris@example.net,Iraq,2025-03-06
975,Mary Lee,gary37@example.org,Wallis and Futuna,2024-01-30
976,Jocelyn Moon,maryromero@example.com,Mali,2024-09-24
977,Sharon Burton,jcook@example.org,Israel,2024-11-19
978,Laura Martinez,lisaadams@example.org,Israel,2024-08-15
979,Ryan Campbell,christopher37@example.net,Portugal,2023-11-29
980,Jonathan Hudson,josephnash@example.net,New Caledonia,2023-07-07
981,Rachel Warren,edwardsrobert@example.com,Somalia,2023-10-18
982,Regina Faulkner,wdaniel@example.org,Iran,2025-11-17
983,Jacob Middleton,zacharysmith@example.com,Seychelles,2024-09-17
984,Edward Harris,kylerodgers@example.com,Korea,2025-06-12
985,Amy Wilson,johnbowen@example.org,Germany,2024-03-15
986,Jasmine Zavala,callahanjonathan@example.com,Vietnam,2025-08-28
987,Tony Arnold,elizabethmartin@example.net,British Virgin Islands,2024-06-25
988,Danny Baker,markblake@example.org,Nicaragua,2024-03-29
989,Matthew Wade,jeffstewart@example.org,Israel,2024-09-09
990,Nicole Marshall,jlee@example.com,Fiji,2025-11-03
991,Michele Hall,torresabigail@example.org,Equatorial Guinea,2023-05-24
992,Jake Stephenson,dana41@example.com,Bouvet Island (Bouvetoya),2023-06-24
993,Mr. Dalton Wagner,ginahorne@example.net,Cyprus,2024-12-29
994,Nicole Dunlap,travismarks@example.org,Austria,2025-10-03
995,Shari Mitchell,howellrebecca@example.com,Bahrain,2024-08-02
996,Spencer Simmons III,wclark@example.org,Pakistan,2025-08-17
997,Christopher Tran,kelly43@example.com,Iraq,2023-12-31
998,Sherri Macias,hickslori@example.net,Holy See (Vatican City State),2025-07-10
999,David Berry,johnsonsavannah@example.com,Jamaica,2023-08-23
